<VisualMicro>
  <Program Name="Pico05b_011" Ext=".ino" Location="c:\Users\Major\Desktop\Balon\Pico05b_011">
    <Platform Name="arduino10x" Package="arduino" Platform="avr" Architecture="avr">
      <Board Name="atmega328p-1" Description="ATmega328p (internal 1 MHz clock)" CoreFolder="D:\Arduino\arduino-1.0.5\hardware\arduino\cores\arduino" VariantFullPath="D:\Arduino\arduino-1.0.5\hardware\arduino\variants\standard" McuIdePath="D:\Arduino\arduino-1.0.5" McuSketchBookPath="C:\Users\Major\Desktop\Balon" name="ATmega328p (internal 1 MHz clock)" bootloader.low_fuses="0x62" bootloader.high_fuses="0xda" bootloader.extended_fuses="0x05" upload.maximum_size="32768" build.mcu="atmega328p" build.f_cpu="1000000L" build.core="arduino:arduino" build.variant="arduino:standard" runtime.ide.path="D:\Arduino\arduino-1.0.5" build.system.path="D:\Arduino\arduino-1.0.5\hardware\arduino\system" runtime.ide.version="105" originalid="atmega328p-1" vm.platform.root.path="D:\Program Files\Visual Micro\Visual Micro for Arduino\Micro Platforms\arduino10x" ide.hint="Arduino 0023 and 1.0.x Ide" ide.location.key="Arduino" ide.location.ide.winreg="Arduino 1.0.x Application" ide.location.sketchbook.winreg="Arduino 1.0.x Sketchbook" ide.location.sketchbook.preferences="sketchbook.path" ide.location.sketchbook.default="%MYDOCUMENTS%\arduino" ide.location.preferences="%VM_APPDATA_ROAMING%\arduino\preferences.txt" ide.default.package="arduino" ide.default.platform="avr" ide.multiplatform="true" ide.includes="arduino.h" ide.platformswithoutpackage="true" ide.includes.fallback="wprogram.h" ide.extension="ino" ide.extension.fallback="pde" ide.versionLTEQ="149" ide.exe="arduino.exe" ide.hosts="atmel" ide.url="http://arduino.cc/en/Main/Software" vm.debug="true" software="ARDUINO" ide.appid="arduino10x" location.sketchbook="C:\Users\Major\Desktop\Balon" build.core.vmresolved="D:\Arduino\arduino-1.0.5\hardware\arduino\cores\arduino" build.core.parentfolder.vmresolved="D:\Arduino\arduino-1.0.5\hardware\arduino\cores" build.core.coresparentfolder.vmresolved="D:\Arduino\arduino-1.0.5\hardware\arduino" vm.core.include="arduino.h" build.board="AVR_ATMEGA328P-1" vm.boardsource.path="D:\Arduino\arduino-1.0.5\hardware\arduino" runtime.platform.path="D:\Arduino\arduino-1.0.5\hardware\arduino" vm.platformname.name="avr" build.arch="AVR" build.variant.vmresolved="D:\Arduino\arduino-1.0.5\hardware\arduino\variants\standard" vm.runtime.compiler.showwarnings="false" serial.port.file="COM5" serial.port="COM5" compiler.path="D:\Arduino\arduino-1.0.5\hardware\tools\avr\bin\" includes=" -I&quot;D:\Arduino\arduino-1.0.5\hardware\arduino\cores\arduino&quot;  -I&quot;D:\Arduino\arduino-1.0.5\hardware\arduino\variants\standard&quot;  -I&quot;D:\Arduino\arduino-1.0.5\libraries\Wire&quot;  -I&quot;D:\Arduino\arduino-1.0.5\libraries&quot;  -I&quot;D:\Arduino\arduino-1.0.5\hardware\arduino\libraries&quot;  -I&quot;D:\Program Files\Visual Micro\Visual Micro for Arduino\Micro Platforms\default\debuggers&quot;  -I&quot;C:\Users\Major\Desktop\Balon\libraries&quot;  -I&quot;D:\Arduino\arduino-1.0.5\libraries\Wire\utility&quot;" build.path="C:\Users\Major\AppData\Local\VMicro\Arduino\Builds\Pico05b_011\atmega328p-1" build.project_name="Pico05b_011" build.variant.path="D:\Arduino\arduino-1.0.5\hardware\arduino\variants\standard" archive_file="core.a" object_file="C:\Users\Major\AppData\Local\VMicro\Arduino\Builds\Pico05b_011\atmega328p-1\Wire\utility\twi.c.o" source_file="D:\Arduino\arduino-1.0.5\libraries\Wire\utility\twi.c" object_files="&quot;C:\Users\Major\AppData\Local\VMicro\Arduino\Builds\Pico05b_011\atmega328p-1\gps.cpp.o&quot; &quot;C:\Users\Major\AppData\Local\VMicro\Arduino\Builds\Pico05b_011\atmega328p-1\Pico05b_011.cpp.o&quot; &quot;C:\Users\Major\AppData\Local\VMicro\Arduino\Builds\Pico05b_011\atmega328p-1\Si4012.cpp.o&quot; &quot;C:\Users\Major\AppData\Local\VMicro\Arduino\Builds\Pico05b_011\atmega328p-1\Wire\Wire.cpp.o&quot; &quot;C:\Users\Major\AppData\Local\VMicro\Arduino\Builds\Pico05b_011\atmega328p-1\Wire\utility\twi.c.o&quot; " build.architecture="avr" vmresolved.compiler.path="D:\Arduino\arduino-1.0.5\hardware\tools\avr\bin\" vmresolved.tools.path="D:\Arduino\arduino-1.0.5\hardware\tools\avr" />
    </Platform>
    <Compile CompilerErrors="0" ConfigurationName="Debug" StopOnError="False" OptimiseLibs="True" OptimiseCore="True" BuildPath="C:\Users\Major\AppData\Local\VMicro\Arduino\Builds\Pico05b_011\atmega328p-1" IsDebugStart="1" IncludeDebug="0" IncludesDebug="0" SketchName="Pico05b_011" IsCompiled="1" />
    <Debug DebugEnabled="0" EnableBreak="1" />
    <VCCodeModel>
      <VCCodeMacros />
    </VCCodeModel>
  </Program>
</VisualMicro>